Label,# Samples,Average,Median,90% Line,95% Line,99% Line,Min,Max,Error %,Throughput,Received KB/sec,Sent KB/sec
GET -characters,4232,660,226,2239,3945,4996,7,5419,0.000%,531.12450,3534.91,66.91
GET -character/id,4232,183,191,266,278,333,3,340,0.000%,539.58944,137.53,68.50
POST -character,4232,184,188,263,284,333,1,341,0.000%,540.48531,139.87,122.98
PUT -character/id,4232,181,192,265,289,324,3,340,0.000%,546.41704,149.94,133.40
DELETE -character/id,4232,177,184,262,275,308,2,333,0.000%,556.03731,135.21,117.29
TOTAL,21160,277,195,274,333,3945,1,5419,0.000%,2635.44651,4051.61,493.12
